age,gender,occupation,active_days,active_min_per_day,sitting_hours,sleep_hours,sugary_drinks_week,uses_tracker,height_cm,weight_band,waist_increased,heard_of_ir,last_blood_test,self_rated_health,diabetes_concern,would_use_tool
49,Male,Working full-time,7,70,8.0,8.0,0,True,169.0,80–89 kg,No,True,Within the last year,4,5,5
36,Female,Working full-time,5,100,10.0,7.0,7,False,158.0,50–59 kg,Yes,False,Within the last year,4,2,5
26,Female,Working full-time,4,40,9.0,8.0,2,True,168.0,70–79 kg,Yes,True,Within the last year,4,3,3
27,Male,Working full-time,5,50,8.0,8.0,3,True,178.0,80–89 kg,No,True,Within the last year,4,2,4
36,Male,Studying only,5,60,8.0,8.0,2,False,192.0,70–79 kg,No,True,1–2 years ago,4,1,3
27,Male,Studying and working,7,60,8.0,7.0,2,True,180.0,80–89 kg,No,True,More than 2 years ago,3,3,4
42,Female,Working full-time,5,30,12.0,8.0,0,True,167.0,70–79 kg,No,True,Within the last year,4,4,5
30,Male,Working full-time,5,500,10.5,5.4,4,True,150.0,90–99 kg,No,True,Never,5,1,5
55,Male,Working part-time,5,100,4.0,7.5,0,False,182.0,90–99 kg,No,True,More than 2 years ago,4,2,4
40,Female,Working part-time,3,30,5.0,6.5,1,True,167.0,70–79 kg,Yes,True,1–2 years ago,3,3,3
30,Male,Working full-time,7,20,7.0,7.0,0,True,169.0,80–89 kg,Yes,True,Within the last year,4,4,3
28,Male,Studying and working,3,40,10.0,8.0,3,False,179.0,80–89 kg,Yes,True,More than 2 years ago,4,3,2
37,Female,Studying and working,5,60,13.0,8.0,0,False,,50–59 kg,No,True,More than 2 years ago,4,2,1
38,Male,Studying only,7,50,6.0,8.0,3,False,166.0,70–79 kg,Yes,True,Not sure,4,4,4
32,Male,Working full-time,7,60,7.5,8.0,1,False,,80–89 kg,No,False,Within the last year,5,1,1
43,Female,Studying and working,3,40,2.0,7.0,0,False,164.0,,,True,More than 2 years ago,4,2,4
29,Female,Studying and working,5,120,4.0,7.0,1,True,169.0,60–69 kg,No,True,Within the last year,4,3,5
62,Male,Working full-time,1,0,12.0,9.0,0,True,178.0,110 kg or more,No,True,1–2 years ago,4,3,3
53,Male,Working full-time,2,120,10.0,8.0,10,True,180.0,110 kg or more,No,True,Within the last year,4,5,5
34,Female,Studying and working,0,0,8.0,6.0,4,True,165.0,100–109 kg,Yes,True,Within the last year,4,5,5
45,Male,Working full-time,4,75,6.0,7.0,6,False,170.0,110 kg or more,Yes,True,Within the last year,3,5,5
42,Female,Working full-time,4,2,7.0,5.0,0,True,151.0,60–69 kg,Yes,True,Within the last year,3,5,4
46,Female,Working part-time,4,50,6.0,7.0,0,False,159.0,50–59 kg,No,True,1–2 years ago,4,5,5
29,Male,Studying and working,7,60,10.0,7.0,0,True,175.0,80–89 kg,No,True,Within the last year,5,4,5
69,Female,Not working,0,0,6.0,5.5,10,False,152.0,70–79 kg,Yes,True,Within the last year,4,5,5
29,Female,Studying and working,5,90,4.0,7.0,2,True,169.0,60–69 kg,No,True,Within the last year,3,4,5
33,Male,Studying and working,5,160,6.0,6.0,0,True,165.0,70–79 kg,Not sure,False,Never,4,5,4
27,Male,Working full-time,2,30,2.0,7.0,2,True,172.0,70–79 kg,Yes,True,1–2 years ago,3,3,4
36,Male,Studying only,5,60,8.0,8.0,0,False,192.0,70–79 kg,No,False,1–2 years ago,4,4,3
35,Male,Studying and working,4,60,8.0,7.0,0,False,194.0,90–99 kg,Yes,True,Within the last year,4,3,5
33,Female,Working full-time,1,50,14.0,7.0,3,False,165.0,70–79 kg,Yes,True,Within the last year,2,1,1
